variable,code,value
approx_social_grade,-8,Does not apply
approx_social_grade,1,AB Higher and intermediate managerial/administrative/professional occupations
approx_social_grade,2,"C1 Supervisory, clerical and junior managerial/administrative/professional occupations"
approx_social_grade,3,C2 Skilled manual occupations
approx_social_grade,4,DE Semi-skilled and unskilled manual occupations; unemployed and lowest grade occupations
country_of_birth_3a,-8,Does not apply
country_of_birth_3a,1,Born in the UK
country_of_birth_3a,2,Born outside the UK
economic_activity_status_10m,-8,Does not apply
economic_activity_status_10m,1,Economically active (excluding full-time students): In employment: Employee
economic_activity_status_10m,2,Economically active (excluding full-time students): In employment: Self-employed
economic_activity_status_10m,3,Economically active (excluding full-time students): Unemployed: Seeking work or waiting to start a job already obtained: Available to start working within 2 weeks
economic_activity_status_10m,4,Economically active and a full-time student
economic_activity_status_10m,5,Economically inactive: Retired
economic_activity_status_10m,6,Economically inactive: Student
economic_activity_status_10m,7,Economically inactive: Looking after home or family
economic_activity_status_10m,8,Economically inactive: Long-term sick or disabled
economic_activity_status_10m,9,Economically inactive: Other
ethnic_group_tb_6a,-8,Does not apply
ethnic_group_tb_6a,1,"Asian, Asian British or Asian Welsh"
ethnic_group_tb_6a,2,"Black, Black British, Black Welsh, Caribbean or African"
ethnic_group_tb_6a,3,Mixed or Multiple ethnic groups
ethnic_group_tb_6a,4,White
ethnic_group_tb_6a,5,Other ethnic group
health_in_general,-8,Does not apply
health_in_general,1,Very good health
health_in_general,2,Good health
health_in_general,3,Fair health
health_in_general,4,Bad health
health_in_general,5,Very bad health
hh_families_type_6a,-8,Does not apply
hh_families_type_6a,1,One-person household
hh_families_type_6a,2,Married or civil partnership couple household
hh_families_type_6a,3,Cohabiting couple household
hh_families_type_6a,4,Lone parent household
hh_families_type_6a,5,Multi-person household
hours_per_week_worked,-8,Does not apply
hours_per_week_worked,1,Part-time: 15 hours or less worked
hours_per_week_worked,2,Part-time: 16 to 30 hours worked
hours_per_week_worked,3,Full-time: 31 to 48 hours worked
hours_per_week_worked,4,Full-time: 49 or more hours worked
in_full_time_education,-8,Does not apply
in_full_time_education,1,Student
in_full_time_education,2,Not a student
industry_10a,-8,Does not apply
industry_10a,1,"A Agriculture, forestry and fishing"
industry_10a,2,C Manufacturing
industry_10a,3,"B, D, E Energy and water"
industry_10a,4,F Construction
industry_10a,5,"G, I Distribution, hotels and restaurants"
industry_10a,6,"H, J Transport and communication"
industry_10a,7,"K, L, M, N Financial, real estate, professional and administrative activities"
industry_10a,8,"O, P, Q Public administration, education and health"
industry_10a,9,"R, S, T, U Other"
iol22cd,-8,Does not apply
iol22cd,E13000001,Inner London
iol22cd,E13000002,Outer london
legal_partnership_status_6a,-8,Does not apply
legal_partnership_status_6a,1,Never married and never registered a civil partnership
legal_partnership_status_6a,2,Married or in a registered civil partnership
legal_partnership_status_6a,3,"Separated, but still legally married or still legally in a civil partnership"
legal_partnership_status_6a,4,Divorced or civil partnership dissolved
legal_partnership_status_6a,5,Widowed or surviving civil partnership partner
occupation_10a,-8,Does not apply
occupation_10a,1,"1. Managers, directors and senior officials"
occupation_10a,2,2. Professional occupations
occupation_10a,3,3. Associate professional and technical occupations
occupation_10a,4,4. Administrative and secretarial occupations
occupation_10a,5,5. Skilled trades occupations
occupation_10a,6,"6. Caring, leisure and other service occupations"
occupation_10a,7,7. Sales and customer service occupations
occupation_10a,8,"8. Process, plant and machine operatives"
occupation_10a,9,9. Elementary occupations
region,E12000001,North East
region,E12000002,North West
region,E12000003,Yorkshire and The Humber
region,E12000004,East Midlands
region,E12000005,West Midlands
region,E12000006,East of England
region,E12000007,London
region,E12000008,South East
region,E12000009,South West
region,N99999999,Does not apply: Northern Ireland
region,S99999999,Does not apply: Scotland
region,W92000004,Wales
religion_tb,-8,Does not apply
religion_tb,1,No religion
religion_tb,2,Christian
religion_tb,3,Buddhist
religion_tb,4,Hindu
religion_tb,5,Jewish
religion_tb,6,Muslim
religion_tb,7,Sikh
religion_tb,8,Other religion
religion_tb,9,Not answered
residence_type,1,Lives in a household
residence_type,2,Lives in a communal establishment
resident_age_7d,-8,Does not apply
resident_age_7d,1,Aged 15 years and under
resident_age_7d,2,Aged 16 to 24 years
resident_age_7d,3,Aged 25 to 34 years
resident_age_7d,4,Aged 35 to 44 years
resident_age_7d,5,Aged 45 to 54 years
resident_age_7d,6,Aged 55 to 64 years
resident_age_7d,7,Aged 65 years and over
resident_id_m,Code unique to each resident,Code unique to each resident
sex,-8,Does not apply
sex,1,Female
sex,2,Male
usual_short_student,-8,Does not apply
usual_short_student,1,Is a usual resident
usual_short_student,2,Is a student living at an alternative address in term time
usual_short_student,3,"Is a non-UK-born short-term resident, staying 3 to 12 months"
